{
  "openapi": "3.0.0",
  "info": {
    "title": "api fitness",
    "version": "1.0.0",
    "description": "documentaçao da api"
  },
  "service": [
    {
      "url": "http://localhost:5000"
    }
  ],
  "paths": {
    "/utilizador/{id}": {
      "get": {
        "summary": "Obtém um utilizador pelo ID",
        "parameters": [
          {
            "name": "id",
            "in": "path",
            "required": true,
            "schema": {
              "type": "integer"
            }
          }
        ],
        "responses": {
          "200": {
            "description": "Sucesso",
            "content": {
              "application/json": {
                "schema": {
                  "type": "object",
                  "properties": {
                    "id": {
                      "type": "integer",
                      "example": 1
                    },
                    "name": {
                      "type": "string",
                      "example": "root"
                    }
                  }
                }
              }
            }
          }
        }
      }
    }
  },
  "components": {},
  "tags": []
}
